{"cameraMode":{"drawMode":0,"name":"Shaded","section":"Shading Mode"},"sceneLighting":true,"audioPlay":false,"sceneViewState":{"showFog":true,"showMaterialUpdate":false,"showSkybox":true,"showFlares":true,"showImageEffects":true,"showParticleSystems":true},"in2DMode":false,"pivot":{"x":33.16426086425781,"y":35.0800895690918,"z":-36.645362854003909},"rotation":{"x":0.2006644457578659,"y":0.6023891568183899,"z":-0.1599254310131073,"w":0.7558371424674988},"size":49.5518684387207,"orthographic":false}